call_id,selected_domain,raw_domain,gender,accent,duration_seconds,duration_minutes,is_over_5_minutes,audio_path
APPTEK_BANKING_0001,banking,banking,male,en-IE,578.853,9.65,True,data/processed/apptek_selected_domains/audio/APPTEK_BANKING_0001.wav
APPTEK_BANKING_0002,banking,banking,male,en-IE,578.853,9.65,True,data/processed/apptek_selected_domains/audio/APPTEK_BANKING_0002.wav
APPTEK_BANKING_0003,banking,banking,male,en-IE,780.0,13.0,True,data/processed/apptek_selected_domains/audio/APPTEK_BANKING_0003.wav
APPTEK_BANKING_0004,banking,banking,male,en-IE,780.0,13.0,True,data/processed/apptek_selected_domains/audio/APPTEK_BANKING_0004.wav
APPTEK_BANKING_0005,banking,banking,male,en-IE,880.626,14.68,True,data/processed/apptek_selected_domains/audio/APPTEK_BANKING_0005.wav
APPTEK_BANKING_0006,banking,banking,male,en-IE,880.626,14.68,True,data/processed/apptek_selected_domains/audio/APPTEK_BANKING_0006.wav
APPTEK_BANKING_0007,banking,banking,female,en-IE,606.499,10.11,True,data/processed/apptek_selected_domains/audio/APPTEK_BANKING_0007.wav
APPTEK_BANKING_0008,banking,banking,female,en-IE,606.499,10.11,True,data/processed/apptek_selected_domains/audio/APPTEK_BANKING_0008.wav
APPTEK_BANKING_0009,banking,banking,female,en-IE,799.471,13.32,True,data/processed/apptek_selected_domains/audio/APPTEK_BANKING_0009.wav
APPTEK_BANKING_0010,banking,banking,female,en-IE,799.471,13.32,True,data/processed/apptek_selected_domains/audio/APPTEK_BANKING_0010.wav
APPTEK_HEALTHCARE_0001,healthcare,health,male,en-IE,465.36,7.76,True,data/processed/apptek_selected_domains/audio/APPTEK_HEALTHCARE_0001.wav
APPTEK_HEALTHCARE_0002,healthcare,health,male,en-IE,465.36,7.76,True,data/processed/apptek_selected_domains/audio/APPTEK_HEALTHCARE_0002.wav
APPTEK_HEALTHCARE_0003,healthcare,health,male,en-IE,813.83,13.56,True,data/processed/apptek_selected_domains/audio/APPTEK_HEALTHCARE_0003.wav
APPTEK_HEALTHCARE_0004,healthcare,health,male,en-IE,813.83,13.56,True,data/processed/apptek_selected_domains/audio/APPTEK_HEALTHCARE_0004.wav
APPTEK_HEALTHCARE_0005,healthcare,health,female,en-IE,525.21,8.75,True,data/processed/apptek_selected_domains/audio/APPTEK_HEALTHCARE_0005.wav
APPTEK_HEALTHCARE_0006,healthcare,health,female,en-IE,525.209,8.75,True,data/processed/apptek_selected_domains/audio/APPTEK_HEALTHCARE_0006.wav
APPTEK_HEALTHCARE_0007,healthcare,health,female,en-IE,902.636,15.04,True,data/processed/apptek_selected_domains/audio/APPTEK_HEALTHCARE_0007.wav
APPTEK_HEALTHCARE_0008,healthcare,health,female,en-IE,902.636,15.04,True,data/processed/apptek_selected_domains/audio/APPTEK_HEALTHCARE_0008.wav
APPTEK_TELECOMMUNICATIONS_0001,telecommunications,telecom,male,en-IE,511.616,8.53,True,data/processed/apptek_selected_domains/audio/APPTEK_TELECOMMUNICATIONS_0001.wav
APPTEK_TELECOMMUNICATIONS_0002,telecommunications,telecom,male,en-IE,511.616,8.53,True,data/processed/apptek_selected_domains/audio/APPTEK_TELECOMMUNICATIONS_0002.wav
APPTEK_TELECOMMUNICATIONS_0003,telecommunications,telecom,male,en-IE,678.296,11.3,True,data/processed/apptek_selected_domains/audio/APPTEK_TELECOMMUNICATIONS_0003.wav
APPTEK_TELECOMMUNICATIONS_0004,telecommunications,telecom,male,en-IE,678.295,11.3,True,data/processed/apptek_selected_domains/audio/APPTEK_TELECOMMUNICATIONS_0004.wav
APPTEK_BANKING_0011,banking,banking,female,en-CN,367.998,6.13,True,data/processed/apptek_selected_domains/audio/APPTEK_BANKING_0011.wav
APPTEK_BANKING_0012,banking,banking,female,en-CN,367.999,6.13,True,data/processed/apptek_selected_domains/audio/APPTEK_BANKING_0012.wav
APPTEK_BANKING_0013,banking,banking,female,en-CN,568.484,9.47,True,data/processed/apptek_selected_domains/audio/APPTEK_BANKING_0013.wav
APPTEK_BANKING_0014,banking,banking,male,en-CN,568.483,9.47,True,data/processed/apptek_selected_domains/audio/APPTEK_BANKING_0014.wav
APPTEK_BANKING_0015,banking,banking,male,en-CN,437.387,7.29,True,data/processed/apptek_selected_domains/audio/APPTEK_BANKING_0015.wav
APPTEK_BANKING_0016,banking,banking,male,en-CN,437.387,7.29,True,data/processed/apptek_selected_domains/audio/APPTEK_BANKING_0016.wav
APPTEK_BANKING_0017,banking,banking,male,en-CN,393.071,6.55,True,data/processed/apptek_selected_domains/audio/APPTEK_BANKING_0017.wav
APPTEK_BANKING_0018,banking,banking,female,en-CN,393.071,6.55,True,data/processed/apptek_selected_domains/audio/APPTEK_BANKING_0018.wav
APPTEK_BANKING_0019,banking,banking,female,en-CN,518.679,8.64,True,data/processed/apptek_selected_domains/audio/APPTEK_BANKING_0019.wav
APPTEK_BANKING_0020,banking,banking,female,en-CN,518.679,8.64,True,data/processed/apptek_selected_domains/audio/APPTEK_BANKING_0020.wav
APPTEK_BANKING_0021,banking,banking,female,en-CN,776.732,12.95,True,data/processed/apptek_selected_domains/audio/APPTEK_BANKING_0021.wav
APPTEK_BANKING_0022,banking,banking,male,en-CN,776.775,12.95,True,data/processed/apptek_selected_domains/audio/APPTEK_BANKING_0022.wav
APPTEK_HEALTHCARE_0009,healthcare,health,female,en-CN,399.483,6.66,True,data/processed/apptek_selected_domains/audio/APPTEK_HEALTHCARE_0009.wav
APPTEK_HEALTHCARE_0010,healthcare,health,female,en-CN,399.483,6.66,True,data/processed/apptek_selected_domains/audio/APPTEK_HEALTHCARE_0010.wav
APPTEK_HEALTHCARE_0011,healthcare,health,female,en-CN,453.417,7.56,True,data/processed/apptek_selected_domains/audio/APPTEK_HEALTHCARE_0011.wav
APPTEK_HEALTHCARE_0012,healthcare,health,female,en-CN,453.418,7.56,True,data/processed/apptek_selected_domains/audio/APPTEK_HEALTHCARE_0012.wav
APPTEK_HEALTHCARE_0013,healthcare,health,male,en-CN,519.861,8.66,True,data/processed/apptek_selected_domains/audio/APPTEK_HEALTHCARE_0013.wav
APPTEK_HEALTHCARE_0014,healthcare,health,female,en-CN,519.861,8.66,True,data/processed/apptek_selected_domains/audio/APPTEK_HEALTHCARE_0014.wav
APPTEK_HEALTHCARE_0015,healthcare,health,male,en-CN,413.979,6.9,True,data/processed/apptek_selected_domains/audio/APPTEK_HEALTHCARE_0015.wav
APPTEK_HEALTHCARE_0016,healthcare,health,male,en-CN,413.979,6.9,True,data/processed/apptek_selected_domains/audio/APPTEK_HEALTHCARE_0016.wav
APPTEK_HEALTHCARE_0017,healthcare,health,female,en-CN,287.798,4.8,False,data/processed/apptek_selected_domains/audio/APPTEK_HEALTHCARE_0017.wav
APPTEK_HEALTHCARE_0018,healthcare,health,male,en-CN,287.798,4.8,False,data/processed/apptek_selected_domains/audio/APPTEK_HEALTHCARE_0018.wav
APPTEK_HEALTHCARE_0019,healthcare,health,female,en-CN,667.531,11.13,True,data/processed/apptek_selected_domains/audio/APPTEK_HEALTHCARE_0019.wav
APPTEK_HEALTHCARE_0020,healthcare,health,female,en-CN,667.531,11.13,True,data/processed/apptek_selected_domains/audio/APPTEK_HEALTHCARE_0020.wav
APPTEK_TELECOMMUNICATIONS_0005,telecommunications,telecom,female,en-CN,695.878,11.6,True,data/processed/apptek_selected_domains/audio/APPTEK_TELECOMMUNICATIONS_0005.wav
APPTEK_TELECOMMUNICATIONS_0006,telecommunications,telecom,female,en-CN,695.878,11.6,True,data/processed/apptek_selected_domains/audio/APPTEK_TELECOMMUNICATIONS_0006.wav
APPTEK_TELECOMMUNICATIONS_0007,telecommunications,telecom,male,en-CN,537.648,8.96,True,data/processed/apptek_selected_domains/audio/APPTEK_TELECOMMUNICATIONS_0007.wav
APPTEK_TELECOMMUNICATIONS_0008,telecommunications,telecom,female,en-CN,537.648,8.96,True,data/processed/apptek_selected_domains/audio/APPTEK_TELECOMMUNICATIONS_0008.wav
APPTEK_TELECOMMUNICATIONS_0009,telecommunications,telecom,male,en-CN,394.291,6.57,True,data/processed/apptek_selected_domains/audio/APPTEK_TELECOMMUNICATIONS_0009.wav
APPTEK_TELECOMMUNICATIONS_0010,telecommunications,telecom,male,en-CN,394.291,6.57,True,data/processed/apptek_selected_domains/audio/APPTEK_TELECOMMUNICATIONS_0010.wav
APPTEK_BANKING_0023,banking,banking,female,en-IN,624.48,10.41,True,data/processed/apptek_selected_domains/audio/APPTEK_BANKING_0023.wav
APPTEK_BANKING_0024,banking,banking,male,en-IN,624.48,10.41,True,data/processed/apptek_selected_domains/audio/APPTEK_BANKING_0024.wav
APPTEK_BANKING_0025,banking,banking,female,en-IN,617.12,10.29,True,data/processed/apptek_selected_domains/audio/APPTEK_BANKING_0025.wav
APPTEK_BANKING_0026,banking,banking,male,en-IN,617.12,10.29,True,data/processed/apptek_selected_domains/audio/APPTEK_BANKING_0026.wav
APPTEK_BANKING_0027,banking,banking,female,en-IN,603.264,10.05,True,data/processed/apptek_selected_domains/audio/APPTEK_BANKING_0027.wav
APPTEK_BANKING_0028,banking,banking,male,en-IN,603.264,10.05,True,data/processed/apptek_selected_domains/audio/APPTEK_BANKING_0028.wav
APPTEK_BANKING_0029,banking,banking,female,en-IN,581.696,9.69,True,data/processed/apptek_selected_domains/audio/APPTEK_BANKING_0029.wav
APPTEK_BANKING_0030,banking,banking,male,en-IN,581.696,9.69,True,data/processed/apptek_selected_domains/audio/APPTEK_BANKING_0030.wav
APPTEK_BANKING_0031,banking,banking,female,en-IN,587.232,9.79,True,data/processed/apptek_selected_domains/audio/APPTEK_BANKING_0031.wav
APPTEK_BANKING_0032,banking,banking,male,en-IN,587.232,9.79,True,data/processed/apptek_selected_domains/audio/APPTEK_BANKING_0032.wav
APPTEK_BANKING_0033,banking,banking,female,en-IN,584.512,9.74,True,data/processed/apptek_selected_domains/audio/APPTEK_BANKING_0033.wav
APPTEK_BANKING_0034,banking,banking,male,en-IN,584.512,9.74,True,data/processed/apptek_selected_domains/audio/APPTEK_BANKING_0034.wav
APPTEK_HEALTHCARE_0021,healthcare,health,female,en-IN,422.187,7.04,True,data/processed/apptek_selected_domains/audio/APPTEK_HEALTHCARE_0021.wav
APPTEK_HEALTHCARE_0022,healthcare,health,female,en-IN,422.208,7.04,True,data/processed/apptek_selected_domains/audio/APPTEK_HEALTHCARE_0022.wav
APPTEK_TELECOMMUNICATIONS_0011,telecommunications,telecom,female,en-IN,631.712,10.53,True,data/processed/apptek_selected_domains/audio/APPTEK_TELECOMMUNICATIONS_0011.wav
APPTEK_TELECOMMUNICATIONS_0012,telecommunications,telecom,male,en-IN,631.712,10.53,True,data/processed/apptek_selected_domains/audio/APPTEK_TELECOMMUNICATIONS_0012.wav
APPTEK_TELECOMMUNICATIONS_0013,telecommunications,telecom,female,en-IN,646.176,10.77,True,data/processed/apptek_selected_domains/audio/APPTEK_TELECOMMUNICATIONS_0013.wav
APPTEK_TELECOMMUNICATIONS_0014,telecommunications,telecom,male,en-IN,646.176,10.77,True,data/processed/apptek_selected_domains/audio/APPTEK_TELECOMMUNICATIONS_0014.wav
APPTEK_TELECOMMUNICATIONS_0015,telecommunications,telecom,female,en-IN,619.744,10.33,True,data/processed/apptek_selected_domains/audio/APPTEK_TELECOMMUNICATIONS_0015.wav
APPTEK_TELECOMMUNICATIONS_0016,telecommunications,telecom,male,en-IN,619.744,10.33,True,data/processed/apptek_selected_domains/audio/APPTEK_TELECOMMUNICATIONS_0016.wav
APPTEK_TELECOMMUNICATIONS_0017,telecommunications,telecom,female,en-IN,607.584,10.13,True,data/processed/apptek_selected_domains/audio/APPTEK_TELECOMMUNICATIONS_0017.wav
APPTEK_TELECOMMUNICATIONS_0018,telecommunications,telecom,unknown,en-IN,607.584,10.13,True,data/processed/apptek_selected_domains/audio/APPTEK_TELECOMMUNICATIONS_0018.wav
APPTEK_TELECOMMUNICATIONS_0019,telecommunications,telecom,female,en-IN,604.672,10.08,True,data/processed/apptek_selected_domains/audio/APPTEK_TELECOMMUNICATIONS_0019.wav
APPTEK_TELECOMMUNICATIONS_0020,telecommunications,telecom,male,en-IN,604.672,10.08,True,data/processed/apptek_selected_domains/audio/APPTEK_TELECOMMUNICATIONS_0020.wav
APPTEK_TELECOMMUNICATIONS_0021,telecommunications,telecom,female,en-IN,629.344,10.49,True,data/processed/apptek_selected_domains/audio/APPTEK_TELECOMMUNICATIONS_0021.wav
APPTEK_TELECOMMUNICATIONS_0022,telecommunications,telecom,unknown,en-IN,629.344,10.49,True,data/processed/apptek_selected_domains/audio/APPTEK_TELECOMMUNICATIONS_0022.wav
APPTEK_BANKING_0035,banking,banking,female,en-CA,650.702,10.85,True,data/processed/apptek_selected_domains/audio/APPTEK_BANKING_0035.wav
APPTEK_BANKING_0036,banking,banking,male,en-CA,650.702,10.85,True,data/processed/apptek_selected_domains/audio/APPTEK_BANKING_0036.wav
APPTEK_BANKING_0037,banking,banking,female,en-CA,573.007,9.55,True,data/processed/apptek_selected_domains/audio/APPTEK_BANKING_0037.wav
APPTEK_BANKING_0038,banking,banking,male,en-CA,573.008,9.55,True,data/processed/apptek_selected_domains/audio/APPTEK_BANKING_0038.wav
APPTEK_BANKING_0039,banking,banking,female,en-CA,548.0,9.13,True,data/processed/apptek_selected_domains/audio/APPTEK_BANKING_0039.wav
APPTEK_BANKING_0040,banking,banking,female,en-CA,548.0,9.13,True,data/processed/apptek_selected_domains/audio/APPTEK_BANKING_0040.wav
APPTEK_BANKING_0041,banking,banking,male,en-CA,646.568,10.78,True,data/processed/apptek_selected_domains/audio/APPTEK_BANKING_0041.wav
APPTEK_BANKING_0042,banking,banking,female,en-CA,646.568,10.78,True,data/processed/apptek_selected_domains/audio/APPTEK_BANKING_0042.wav
APPTEK_HEALTHCARE_0023,healthcare,health,female,en-CA,589.888,9.83,True,data/processed/apptek_selected_domains/audio/APPTEK_HEALTHCARE_0023.wav
APPTEK_HEALTHCARE_0024,healthcare,health,male,en-CA,589.888,9.83,True,data/processed/apptek_selected_domains/audio/APPTEK_HEALTHCARE_0024.wav
APPTEK_HEALTHCARE_0025,healthcare,health,female,en-CA,564.787,9.41,True,data/processed/apptek_selected_domains/audio/APPTEK_HEALTHCARE_0025.wav
APPTEK_HEALTHCARE_0026,healthcare,health,male,en-CA,564.787,9.41,True,data/processed/apptek_selected_domains/audio/APPTEK_HEALTHCARE_0026.wav
APPTEK_HEALTHCARE_0027,healthcare,health,female,en-CA,855.354,14.26,True,data/processed/apptek_selected_domains/audio/APPTEK_HEALTHCARE_0027.wav
APPTEK_HEALTHCARE_0028,healthcare,health,female,en-CA,855.353,14.26,True,data/processed/apptek_selected_domains/audio/APPTEK_HEALTHCARE_0028.wav
APPTEK_TELECOMMUNICATIONS_0023,telecommunications,telecom,unknown,en-CA,613.285,10.22,True,data/processed/apptek_selected_domains/audio/APPTEK_TELECOMMUNICATIONS_0023.wav
APPTEK_TELECOMMUNICATIONS_0024,telecommunications,telecom,female,en-CA,613.286,10.22,True,data/processed/apptek_selected_domains/audio/APPTEK_TELECOMMUNICATIONS_0024.wav
APPTEK_TELECOMMUNICATIONS_0025,telecommunications,telecom,female,en-CA,855.0,14.25,True,data/processed/apptek_selected_domains/audio/APPTEK_TELECOMMUNICATIONS_0025.wav
APPTEK_TELECOMMUNICATIONS_0026,telecommunications,telecom,female,en-CA,855.0,14.25,True,data/processed/apptek_selected_domains/audio/APPTEK_TELECOMMUNICATIONS_0026.wav
APPTEK_BANKING_0043,banking,banking,female,en-GB_WLS,356.106,5.94,True,data/processed/apptek_selected_domains/audio/APPTEK_BANKING_0043.wav
APPTEK_BANKING_0044,banking,banking,male,en-GB_WLS,356.105,5.94,True,data/processed/apptek_selected_domains/audio/APPTEK_BANKING_0044.wav
APPTEK_BANKING_0045,banking,banking,female,en-GB_WLS,678.265,11.3,True,data/processed/apptek_selected_domains/audio/APPTEK_BANKING_0045.wav
APPTEK_BANKING_0046,banking,banking,male,en-GB_WLS,678.265,11.3,True,data/processed/apptek_selected_domains/audio/APPTEK_BANKING_0046.wav
APPTEK_BANKING_0047,banking,banking,male,en-GB_WLS,636.158,10.6,True,data/processed/apptek_selected_domains/audio/APPTEK_BANKING_0047.wav
APPTEK_BANKING_0048,banking,banking,female,en-GB_WLS,636.158,10.6,True,data/processed/apptek_selected_domains/audio/APPTEK_BANKING_0048.wav
APPTEK_BANKING_0049,banking,banking,female,en-GB_WLS,630.947,10.52,True,data/processed/apptek_selected_domains/audio/APPTEK_BANKING_0049.wav
APPTEK_BANKING_0050,banking,banking,male,en-GB_WLS,630.947,10.52,True,data/processed/apptek_selected_domains/audio/APPTEK_BANKING_0050.wav
APPTEK_BANKING_0051,banking,banking,female,en-GB_WLS,607.632,10.13,True,data/processed/apptek_selected_domains/audio/APPTEK_BANKING_0051.wav
APPTEK_BANKING_0052,banking,banking,female,en-GB_WLS,607.631,10.13,True,data/processed/apptek_selected_domains/audio/APPTEK_BANKING_0052.wav
APPTEK_HEALTHCARE_0029,healthcare,health,male,en-GB_WLS,419.568,6.99,True,data/processed/apptek_selected_domains/audio/APPTEK_HEALTHCARE_0029.wav
APPTEK_HEALTHCARE_0030,healthcare,health,female,en-GB_WLS,419.568,6.99,True,data/processed/apptek_selected_domains/audio/APPTEK_HEALTHCARE_0030.wav
APPTEK_HEALTHCARE_0031,healthcare,health,female,en-GB_WLS,678.217,11.3,True,data/processed/apptek_selected_domains/audio/APPTEK_HEALTHCARE_0031.wav
APPTEK_HEALTHCARE_0032,healthcare,health,unknown,en-GB_WLS,678.216,11.3,True,data/processed/apptek_selected_domains/audio/APPTEK_HEALTHCARE_0032.wav
APPTEK_HEALTHCARE_0033,healthcare,health,male,en-GB_WLS,599.426,9.99,True,data/processed/apptek_selected_domains/audio/APPTEK_HEALTHCARE_0033.wav
APPTEK_HEALTHCARE_0034,healthcare,health,female,en-GB_WLS,599.426,9.99,True,data/processed/apptek_selected_domains/audio/APPTEK_HEALTHCARE_0034.wav
APPTEK_HEALTHCARE_0035,healthcare,health,female,en-GB_WLS,399.273,6.65,True,data/processed/apptek_selected_domains/audio/APPTEK_HEALTHCARE_0035.wav
APPTEK_HEALTHCARE_0036,healthcare,health,male,en-GB_WLS,399.274,6.65,True,data/processed/apptek_selected_domains/audio/APPTEK_HEALTHCARE_0036.wav
APPTEK_TELECOMMUNICATIONS_0027,telecommunications,telecom,female,en-GB_WLS,518.796,8.65,True,data/processed/apptek_selected_domains/audio/APPTEK_TELECOMMUNICATIONS_0027.wav
APPTEK_TELECOMMUNICATIONS_0028,telecommunications,telecom,male,en-GB_WLS,518.795,8.65,True,data/processed/apptek_selected_domains/audio/APPTEK_TELECOMMUNICATIONS_0028.wav
APPTEK_TELECOMMUNICATIONS_0029,telecommunications,telecom,female,en-GB_WLS,616.111,10.27,True,data/processed/apptek_selected_domains/audio/APPTEK_TELECOMMUNICATIONS_0029.wav
APPTEK_TELECOMMUNICATIONS_0030,telecommunications,telecom,female,en-GB_WLS,616.11,10.27,True,data/processed/apptek_selected_domains/audio/APPTEK_TELECOMMUNICATIONS_0030.wav
APPTEK_BANKING_0053,banking,banking,female,en-US_Aave,916.214,15.27,True,data/processed/apptek_selected_domains/audio/APPTEK_BANKING_0053.wav
APPTEK_BANKING_0054,banking,banking,female,en-US_Aave,916.214,15.27,True,data/processed/apptek_selected_domains/audio/APPTEK_BANKING_0054.wav
APPTEK_BANKING_0055,banking,banking,female,en-US_Aave,633.209,10.55,True,data/processed/apptek_selected_domains/audio/APPTEK_BANKING_0055.wav
APPTEK_BANKING_0056,banking,banking,female,en-US_Aave,633.208,10.55,True,data/processed/apptek_selected_domains/audio/APPTEK_BANKING_0056.wav
APPTEK_BANKING_0057,banking,banking,female,en-US_Aave,861.099,14.35,True,data/processed/apptek_selected_domains/audio/APPTEK_BANKING_0057.wav
APPTEK_BANKING_0058,banking,banking,female,en-US_Aave,861.099,14.35,True,data/processed/apptek_selected_domains/audio/APPTEK_BANKING_0058.wav
APPTEK_HEALTHCARE_0037,healthcare,health,female,en-US_Aave,447.984,7.47,True,data/processed/apptek_selected_domains/audio/APPTEK_HEALTHCARE_0037.wav
APPTEK_HEALTHCARE_0038,healthcare,health,female,en-US_Aave,447.985,7.47,True,data/processed/apptek_selected_domains/audio/APPTEK_HEALTHCARE_0038.wav
APPTEK_HEALTHCARE_0039,healthcare,health,female,en-US_Aave,914.957,15.25,True,data/processed/apptek_selected_domains/audio/APPTEK_HEALTHCARE_0039.wav
APPTEK_HEALTHCARE_0040,healthcare,health,female,en-US_Aave,914.957,15.25,True,data/processed/apptek_selected_domains/audio/APPTEK_HEALTHCARE_0040.wav
APPTEK_HEALTHCARE_0041,healthcare,health,female,en-US_Aave,757.132,12.62,True,data/processed/apptek_selected_domains/audio/APPTEK_HEALTHCARE_0041.wav
APPTEK_HEALTHCARE_0042,healthcare,health,female,en-US_Aave,757.132,12.62,True,data/processed/apptek_selected_domains/audio/APPTEK_HEALTHCARE_0042.wav
APPTEK_TELECOMMUNICATIONS_0031,telecommunications,telecom,male,en-US_Aave,745.609,12.43,True,data/processed/apptek_selected_domains/audio/APPTEK_TELECOMMUNICATIONS_0031.wav
APPTEK_TELECOMMUNICATIONS_0032,telecommunications,telecom,female,en-US_Aave,745.609,12.43,True,data/processed/apptek_selected_domains/audio/APPTEK_TELECOMMUNICATIONS_0032.wav
APPTEK_TELECOMMUNICATIONS_0033,telecommunications,telecom,female,en-US_Aave,914.447,15.24,True,data/processed/apptek_selected_domains/audio/APPTEK_TELECOMMUNICATIONS_0033.wav
APPTEK_TELECOMMUNICATIONS_0034,telecommunications,telecom,female,en-US_Aave,914.447,15.24,True,data/processed/apptek_selected_domains/audio/APPTEK_TELECOMMUNICATIONS_0034.wav
APPTEK_TELECOMMUNICATIONS_0035,telecommunications,telecom,female,en-US_Aave,824.786,13.75,True,data/processed/apptek_selected_domains/audio/APPTEK_TELECOMMUNICATIONS_0035.wav
APPTEK_TELECOMMUNICATIONS_0036,telecommunications,telecom,female,en-US_Aave,824.786,13.75,True,data/processed/apptek_selected_domains/audio/APPTEK_TELECOMMUNICATIONS_0036.wav
APPTEK_BANKING_0059,banking,banking,female,en-ZA,308.26,5.14,True,data/processed/apptek_selected_domains/audio/APPTEK_BANKING_0059.wav
APPTEK_BANKING_0060,banking,banking,male,en-ZA,308.26,5.14,True,data/processed/apptek_selected_domains/audio/APPTEK_BANKING_0060.wav
APPTEK_BANKING_0061,banking,banking,female,en-ZA,616.588,10.28,True,data/processed/apptek_selected_domains/audio/APPTEK_BANKING_0061.wav
APPTEK_BANKING_0062,banking,banking,female,en-ZA,616.588,10.28,True,data/processed/apptek_selected_domains/audio/APPTEK_BANKING_0062.wav
APPTEK_BANKING_0063,banking,banking,male,en-ZA,653.551,10.89,True,data/processed/apptek_selected_domains/audio/APPTEK_BANKING_0063.wav
APPTEK_BANKING_0064,banking,banking,female,en-ZA,653.552,10.89,True,data/processed/apptek_selected_domains/audio/APPTEK_BANKING_0064.wav
APPTEK_BANKING_0065,banking,banking,male,en-ZA,504.427,8.41,True,data/processed/apptek_selected_domains/audio/APPTEK_BANKING_0065.wav
APPTEK_BANKING_0066,banking,banking,female,en-ZA,504.427,8.41,True,data/processed/apptek_selected_domains/audio/APPTEK_BANKING_0066.wav
APPTEK_BANKING_0067,banking,banking,female,en-ZA,533.649,8.89,True,data/processed/apptek_selected_domains/audio/APPTEK_BANKING_0067.wav
APPTEK_BANKING_0068,banking,banking,female,en-ZA,533.649,8.89,True,data/processed/apptek_selected_domains/audio/APPTEK_BANKING_0068.wav
APPTEK_HEALTHCARE_0043,healthcare,health,female,en-ZA,460.786,7.68,True,data/processed/apptek_selected_domains/audio/APPTEK_HEALTHCARE_0043.wav
APPTEK_HEALTHCARE_0044,healthcare,health,male,en-ZA,460.787,7.68,True,data/processed/apptek_selected_domains/audio/APPTEK_HEALTHCARE_0044.wav
APPTEK_HEALTHCARE_0045,healthcare,health,female,en-ZA,791.887,13.2,True,data/processed/apptek_selected_domains/audio/APPTEK_HEALTHCARE_0045.wav
APPTEK_HEALTHCARE_0046,healthcare,health,female,en-ZA,791.888,13.2,True,data/processed/apptek_selected_domains/audio/APPTEK_HEALTHCARE_0046.wav
APPTEK_HEALTHCARE_0047,healthcare,health,unknown,en-ZA,319.874,5.33,True,data/processed/apptek_selected_domains/audio/APPTEK_HEALTHCARE_0047.wav
APPTEK_HEALTHCARE_0048,healthcare,health,female,en-ZA,319.875,5.33,True,data/processed/apptek_selected_domains/audio/APPTEK_HEALTHCARE_0048.wav
APPTEK_HEALTHCARE_0049,healthcare,health,male,en-ZA,445.791,7.43,True,data/processed/apptek_selected_domains/audio/APPTEK_HEALTHCARE_0049.wav
APPTEK_HEALTHCARE_0050,healthcare,health,female,en-ZA,445.791,7.43,True,data/processed/apptek_selected_domains/audio/APPTEK_HEALTHCARE_0050.wav
APPTEK_HEALTHCARE_0051,healthcare,health,female,en-ZA,629.044,10.48,True,data/processed/apptek_selected_domains/audio/APPTEK_HEALTHCARE_0051.wav
APPTEK_HEALTHCARE_0052,healthcare,health,female,en-ZA,629.045,10.48,True,data/processed/apptek_selected_domains/audio/APPTEK_HEALTHCARE_0052.wav
APPTEK_TELECOMMUNICATIONS_0037,telecommunications,telecom,female,en-ZA,580.636,9.68,True,data/processed/apptek_selected_domains/audio/APPTEK_TELECOMMUNICATIONS_0037.wav
APPTEK_TELECOMMUNICATIONS_0038,telecommunications,telecom,male,en-ZA,580.636,9.68,True,data/processed/apptek_selected_domains/audio/APPTEK_TELECOMMUNICATIONS_0038.wav
APPTEK_TELECOMMUNICATIONS_0039,telecommunications,telecom,female,en-ZA,616.368,10.27,True,data/processed/apptek_selected_domains/audio/APPTEK_TELECOMMUNICATIONS_0039.wav
APPTEK_TELECOMMUNICATIONS_0040,telecommunications,telecom,female,en-ZA,616.367,10.27,True,data/processed/apptek_selected_domains/audio/APPTEK_TELECOMMUNICATIONS_0040.wav
APPTEK_TELECOMMUNICATIONS_0041,telecommunications,telecom,male,en-ZA,479.195,7.99,True,data/processed/apptek_selected_domains/audio/APPTEK_TELECOMMUNICATIONS_0041.wav
APPTEK_TELECOMMUNICATIONS_0042,telecommunications,telecom,female,en-ZA,479.196,7.99,True,data/processed/apptek_selected_domains/audio/APPTEK_TELECOMMUNICATIONS_0042.wav
APPTEK_TELECOMMUNICATIONS_0043,telecommunications,telecom,female,en-ZA,561.887,9.36,True,data/processed/apptek_selected_domains/audio/APPTEK_TELECOMMUNICATIONS_0043.wav
APPTEK_TELECOMMUNICATIONS_0044,telecommunications,telecom,female,en-ZA,561.887,9.36,True,data/processed/apptek_selected_domains/audio/APPTEK_TELECOMMUNICATIONS_0044.wav
APPTEK_TELECOMMUNICATIONS_0045,telecommunications,telecom,male,en-ZA,1054.762,17.58,True,data/processed/apptek_selected_domains/audio/APPTEK_TELECOMMUNICATIONS_0045.wav
APPTEK_TELECOMMUNICATIONS_0046,telecommunications,telecom,female,en-ZA,1054.762,17.58,True,data/processed/apptek_selected_domains/audio/APPTEK_TELECOMMUNICATIONS_0046.wav
APPTEK_BANKING_0069,banking,banking,female,en-US_General,614.0,10.23,True,data/processed/apptek_selected_domains/audio/APPTEK_BANKING_0069.wav
APPTEK_BANKING_0070,banking,banking,male,en-US_General,614.0,10.23,True,data/processed/apptek_selected_domains/audio/APPTEK_BANKING_0070.wav
APPTEK_BANKING_0071,banking,banking,female,en-US_General,550.0,9.17,True,data/processed/apptek_selected_domains/audio/APPTEK_BANKING_0071.wav
APPTEK_BANKING_0072,banking,banking,female,en-US_General,550.0,9.17,True,data/processed/apptek_selected_domains/audio/APPTEK_BANKING_0072.wav
APPTEK_BANKING_0073,banking,banking,male,en-US_General,406.769,6.78,True,data/processed/apptek_selected_domains/audio/APPTEK_BANKING_0073.wav
APPTEK_BANKING_0074,banking,banking,female,en-US_General,406.769,6.78,True,data/processed/apptek_selected_domains/audio/APPTEK_BANKING_0074.wav
APPTEK_BANKING_0075,banking,banking,female,en-US_General,709.947,11.83,True,data/processed/apptek_selected_domains/audio/APPTEK_BANKING_0075.wav
APPTEK_BANKING_0076,banking,banking,female,en-US_General,709.947,11.83,True,data/processed/apptek_selected_domains/audio/APPTEK_BANKING_0076.wav
APPTEK_BANKING_0077,banking,banking,female,en-US_General,784.092,13.07,True,data/processed/apptek_selected_domains/audio/APPTEK_BANKING_0077.wav
APPTEK_BANKING_0078,banking,banking,female,en-US_General,784.092,13.07,True,data/processed/apptek_selected_domains/audio/APPTEK_BANKING_0078.wav
APPTEK_BANKING_0079,banking,banking,female,en-US_General,851.803,14.2,True,data/processed/apptek_selected_domains/audio/APPTEK_BANKING_0079.wav
APPTEK_BANKING_0080,banking,banking,male,en-US_General,851.803,14.2,True,data/processed/apptek_selected_domains/audio/APPTEK_BANKING_0080.wav
APPTEK_HEALTHCARE_0053,healthcare,health,female,en-US_General,282.248,4.7,False,data/processed/apptek_selected_domains/audio/APPTEK_HEALTHCARE_0053.wav
APPTEK_HEALTHCARE_0054,healthcare,health,female,en-US_General,282.247,4.7,False,data/processed/apptek_selected_domains/audio/APPTEK_HEALTHCARE_0054.wav
APPTEK_HEALTHCARE_0055,healthcare,health,male,en-US_General,389.788,6.5,True,data/processed/apptek_selected_domains/audio/APPTEK_HEALTHCARE_0055.wav
APPTEK_HEALTHCARE_0056,healthcare,health,female,en-US_General,389.788,6.5,True,data/processed/apptek_selected_domains/audio/APPTEK_HEALTHCARE_0056.wav
APPTEK_HEALTHCARE_0057,healthcare,health,female,en-US_General,657.332,10.96,True,data/processed/apptek_selected_domains/audio/APPTEK_HEALTHCARE_0057.wav
APPTEK_HEALTHCARE_0058,healthcare,health,female,en-US_General,657.331,10.96,True,data/processed/apptek_selected_domains/audio/APPTEK_HEALTHCARE_0058.wav
APPTEK_HEALTHCARE_0059,healthcare,health,female,en-US_General,706.478,11.77,True,data/processed/apptek_selected_domains/audio/APPTEK_HEALTHCARE_0059.wav
APPTEK_HEALTHCARE_0060,healthcare,health,male,en-US_General,706.479,11.77,True,data/processed/apptek_selected_domains/audio/APPTEK_HEALTHCARE_0060.wav
APPTEK_TELECOMMUNICATIONS_0047,telecommunications,telecom,female,en-US_General,915.745,15.26,True,data/processed/apptek_selected_domains/audio/APPTEK_TELECOMMUNICATIONS_0047.wav
APPTEK_TELECOMMUNICATIONS_0048,telecommunications,telecom,male,en-US_General,915.745,15.26,True,data/processed/apptek_selected_domains/audio/APPTEK_TELECOMMUNICATIONS_0048.wav
APPTEK_TELECOMMUNICATIONS_0049,telecommunications,telecom,male,en-US_General,374.439,6.24,True,data/processed/apptek_selected_domains/audio/APPTEK_TELECOMMUNICATIONS_0049.wav
APPTEK_TELECOMMUNICATIONS_0050,telecommunications,telecom,female,en-US_General,374.438,6.24,True,data/processed/apptek_selected_domains/audio/APPTEK_TELECOMMUNICATIONS_0050.wav
APPTEK_TELECOMMUNICATIONS_0051,telecommunications,telecom,female,en-US_General,648.907,10.82,True,data/processed/apptek_selected_domains/audio/APPTEK_TELECOMMUNICATIONS_0051.wav
APPTEK_TELECOMMUNICATIONS_0052,telecommunications,telecom,female,en-US_General,648.908,10.82,True,data/processed/apptek_selected_domains/audio/APPTEK_TELECOMMUNICATIONS_0052.wav
APPTEK_BANKING_0081,banking,banking,female,en-GB,512.101,8.54,True,data/processed/apptek_selected_domains/audio/APPTEK_BANKING_0081.wav
APPTEK_BANKING_0082,banking,banking,female,en-GB,512.101,8.54,True,data/processed/apptek_selected_domains/audio/APPTEK_BANKING_0082.wav
APPTEK_BANKING_0083,banking,banking,female,en-GB,446.866,7.45,True,data/processed/apptek_selected_domains/audio/APPTEK_BANKING_0083.wav
APPTEK_BANKING_0084,banking,banking,female,en-GB,446.866,7.45,True,data/processed/apptek_selected_domains/audio/APPTEK_BANKING_0084.wav
APPTEK_BANKING_0085,banking,banking,female,en-GB,670.376,11.17,True,data/processed/apptek_selected_domains/audio/APPTEK_BANKING_0085.wav
APPTEK_BANKING_0086,banking,banking,female,en-GB,670.376,11.17,True,data/processed/apptek_selected_domains/audio/APPTEK_BANKING_0086.wav
APPTEK_BANKING_0087,banking,banking,male,en-GB,663.564,11.06,True,data/processed/apptek_selected_domains/audio/APPTEK_BANKING_0087.wav
APPTEK_BANKING_0088,banking,banking,female,en-GB,663.564,11.06,True,data/processed/apptek_selected_domains/audio/APPTEK_BANKING_0088.wav
APPTEK_BANKING_0089,banking,banking,female,en-GB,981.415,16.36,True,data/processed/apptek_selected_domains/audio/APPTEK_BANKING_0089.wav
APPTEK_BANKING_0090,banking,banking,female,en-GB,981.416,16.36,True,data/processed/apptek_selected_domains/audio/APPTEK_BANKING_0090.wav
APPTEK_HEALTHCARE_0061,healthcare,health,female,en-GB,461.378,7.69,True,data/processed/apptek_selected_domains/audio/APPTEK_HEALTHCARE_0061.wav
APPTEK_HEALTHCARE_0062,healthcare,health,female,en-GB,461.378,7.69,True,data/processed/apptek_selected_domains/audio/APPTEK_HEALTHCARE_0062.wav
APPTEK_HEALTHCARE_0063,healthcare,health,female,en-GB,410.735,6.85,True,data/processed/apptek_selected_domains/audio/APPTEK_HEALTHCARE_0063.wav
APPTEK_HEALTHCARE_0064,healthcare,health,female,en-GB,410.734,6.85,True,data/processed/apptek_selected_domains/audio/APPTEK_HEALTHCARE_0064.wav
APPTEK_HEALTHCARE_0065,healthcare,health,male,en-GB,642.117,10.7,True,data/processed/apptek_selected_domains/audio/APPTEK_HEALTHCARE_0065.wav
APPTEK_HEALTHCARE_0066,healthcare,health,female,en-GB,642.117,10.7,True,data/processed/apptek_selected_domains/audio/APPTEK_HEALTHCARE_0066.wav
APPTEK_HEALTHCARE_0067,healthcare,health,female,en-GB,925.325,15.42,True,data/processed/apptek_selected_domains/audio/APPTEK_HEALTHCARE_0067.wav
APPTEK_HEALTHCARE_0068,healthcare,health,female,en-GB,925.324,15.42,True,data/processed/apptek_selected_domains/audio/APPTEK_HEALTHCARE_0068.wav
APPTEK_TELECOMMUNICATIONS_0053,telecommunications,telecom,female,en-GB,404.377,6.74,True,data/processed/apptek_selected_domains/audio/APPTEK_TELECOMMUNICATIONS_0053.wav
APPTEK_TELECOMMUNICATIONS_0054,telecommunications,telecom,female,en-GB,404.377,6.74,True,data/processed/apptek_selected_domains/audio/APPTEK_TELECOMMUNICATIONS_0054.wav
APPTEK_TELECOMMUNICATIONS_0055,telecommunications,telecom,female,en-GB,525.643,8.76,True,data/processed/apptek_selected_domains/audio/APPTEK_TELECOMMUNICATIONS_0055.wav
APPTEK_TELECOMMUNICATIONS_0056,telecommunications,telecom,female,en-GB,525.644,8.76,True,data/processed/apptek_selected_domains/audio/APPTEK_TELECOMMUNICATIONS_0056.wav
APPTEK_BANKING_0091,banking,banking,female,en-SG,723.565,12.06,True,data/processed/apptek_selected_domains/audio/APPTEK_BANKING_0091.wav
APPTEK_BANKING_0092,banking,banking,male,en-SG,723.565,12.06,True,data/processed/apptek_selected_domains/audio/APPTEK_BANKING_0092.wav
APPTEK_BANKING_0093,banking,banking,female,en-SG,351.613,5.86,True,data/processed/apptek_selected_domains/audio/APPTEK_BANKING_0093.wav
APPTEK_BANKING_0094,banking,banking,male,en-SG,351.614,5.86,True,data/processed/apptek_selected_domains/audio/APPTEK_BANKING_0094.wav
APPTEK_BANKING_0095,banking,banking,male,en-SG,648.572,10.81,True,data/processed/apptek_selected_domains/audio/APPTEK_BANKING_0095.wav
APPTEK_BANKING_0096,banking,banking,female,en-SG,648.572,10.81,True,data/processed/apptek_selected_domains/audio/APPTEK_BANKING_0096.wav
APPTEK_BANKING_0097,banking,banking,female,en-SG,619.362,10.32,True,data/processed/apptek_selected_domains/audio/APPTEK_BANKING_0097.wav
APPTEK_BANKING_0098,banking,banking,male,en-SG,619.362,10.32,True,data/processed/apptek_selected_domains/audio/APPTEK_BANKING_0098.wav
APPTEK_HEALTHCARE_0069,healthcare,health,female,en-SG,330.774,5.51,True,data/processed/apptek_selected_domains/audio/APPTEK_HEALTHCARE_0069.wav
APPTEK_HEALTHCARE_0070,healthcare,health,male,en-SG,330.773,5.51,True,data/processed/apptek_selected_domains/audio/APPTEK_HEALTHCARE_0070.wav
APPTEK_HEALTHCARE_0071,healthcare,health,male,en-SG,588.638,9.81,True,data/processed/apptek_selected_domains/audio/APPTEK_HEALTHCARE_0071.wav
APPTEK_HEALTHCARE_0072,healthcare,health,female,en-SG,588.639,9.81,True,data/processed/apptek_selected_domains/audio/APPTEK_HEALTHCARE_0072.wav
APPTEK_HEALTHCARE_0073,healthcare,health,female,en-SG,860.45,14.34,True,data/processed/apptek_selected_domains/audio/APPTEK_HEALTHCARE_0073.wav
APPTEK_HEALTHCARE_0074,healthcare,health,male,en-SG,860.45,14.34,True,data/processed/apptek_selected_domains/audio/APPTEK_HEALTHCARE_0074.wav
APPTEK_TELECOMMUNICATIONS_0057,telecommunications,telecom,female,en-SG,888.0,14.8,True,data/processed/apptek_selected_domains/audio/APPTEK_TELECOMMUNICATIONS_0057.wav
APPTEK_TELECOMMUNICATIONS_0058,telecommunications,telecom,male,en-SG,888.0,14.8,True,data/processed/apptek_selected_domains/audio/APPTEK_TELECOMMUNICATIONS_0058.wav
APPTEK_TELECOMMUNICATIONS_0059,telecommunications,telecom,female,en-SG,479.294,7.99,True,data/processed/apptek_selected_domains/audio/APPTEK_TELECOMMUNICATIONS_0059.wav
APPTEK_TELECOMMUNICATIONS_0060,telecommunications,telecom,male,en-SG,479.293,7.99,True,data/processed/apptek_selected_domains/audio/APPTEK_TELECOMMUNICATIONS_0060.wav
APPTEK_TELECOMMUNICATIONS_0061,telecommunications,telecom,male,en-SG,700.91,11.68,True,data/processed/apptek_selected_domains/audio/APPTEK_TELECOMMUNICATIONS_0061.wav
APPTEK_TELECOMMUNICATIONS_0062,telecommunications,telecom,female,en-SG,700.911,11.68,True,data/processed/apptek_selected_domains/audio/APPTEK_TELECOMMUNICATIONS_0062.wav
APPTEK_BANKING_0099,banking,banking,female,en-MX,686.932,11.45,True,data/processed/apptek_selected_domains/audio/APPTEK_BANKING_0099.wav
APPTEK_BANKING_0100,banking,banking,female,en-MX,686.932,11.45,True,data/processed/apptek_selected_domains/audio/APPTEK_BANKING_0100.wav
APPTEK_BANKING_0101,banking,banking,male,en-MX,486.98,8.12,True,data/processed/apptek_selected_domains/audio/APPTEK_BANKING_0101.wav
APPTEK_BANKING_0102,banking,banking,female,en-MX,486.98,8.12,True,data/processed/apptek_selected_domains/audio/APPTEK_BANKING_0102.wav
APPTEK_BANKING_0103,banking,banking,female,en-MX,627.288,10.45,True,data/processed/apptek_selected_domains/audio/APPTEK_BANKING_0103.wav
APPTEK_BANKING_0104,banking,banking,female,en-MX,627.287,10.45,True,data/processed/apptek_selected_domains/audio/APPTEK_BANKING_0104.wav
APPTEK_BANKING_0105,banking,banking,male,en-MX,671.121,11.19,True,data/processed/apptek_selected_domains/audio/APPTEK_BANKING_0105.wav
APPTEK_BANKING_0106,banking,banking,male,en-MX,671.121,11.19,True,data/processed/apptek_selected_domains/audio/APPTEK_BANKING_0106.wav
APPTEK_BANKING_0107,banking,banking,male,en-MX,400.809,6.68,True,data/processed/apptek_selected_domains/audio/APPTEK_BANKING_0107.wav
APPTEK_BANKING_0108,banking,banking,male,en-MX,400.809,6.68,True,data/processed/apptek_selected_domains/audio/APPTEK_BANKING_0108.wav
APPTEK_HEALTHCARE_0075,healthcare,health,female,en-MX,466.274,7.77,True,data/processed/apptek_selected_domains/audio/APPTEK_HEALTHCARE_0075.wav
APPTEK_HEALTHCARE_0076,healthcare,health,female,en-MX,466.274,7.77,True,data/processed/apptek_selected_domains/audio/APPTEK_HEALTHCARE_0076.wav
APPTEK_HEALTHCARE_0077,healthcare,health,male,en-MX,652.813,10.88,True,data/processed/apptek_selected_domains/audio/APPTEK_HEALTHCARE_0077.wav
APPTEK_HEALTHCARE_0078,healthcare,health,female,en-MX,652.813,10.88,True,data/processed/apptek_selected_domains/audio/APPTEK_HEALTHCARE_0078.wav
APPTEK_HEALTHCARE_0079,healthcare,health,female,en-MX,632.409,10.54,True,data/processed/apptek_selected_domains/audio/APPTEK_HEALTHCARE_0079.wav
APPTEK_HEALTHCARE_0080,healthcare,health,female,en-MX,632.409,10.54,True,data/processed/apptek_selected_domains/audio/APPTEK_HEALTHCARE_0080.wav
APPTEK_HEALTHCARE_0081,healthcare,health,male,en-MX,691.35,11.52,True,data/processed/apptek_selected_domains/audio/APPTEK_HEALTHCARE_0081.wav
APPTEK_HEALTHCARE_0082,healthcare,health,male,en-MX,691.35,11.52,True,data/processed/apptek_selected_domains/audio/APPTEK_HEALTHCARE_0082.wav
APPTEK_HEALTHCARE_0083,healthcare,health,male,en-MX,404.051,6.73,True,data/processed/apptek_selected_domains/audio/APPTEK_HEALTHCARE_0083.wav
APPTEK_HEALTHCARE_0084,healthcare,health,male,en-MX,404.052,6.73,True,data/processed/apptek_selected_domains/audio/APPTEK_HEALTHCARE_0084.wav
APPTEK_TELECOMMUNICATIONS_0063,telecommunications,telecom,male,en-MX,677.618,11.29,True,data/processed/apptek_selected_domains/audio/APPTEK_TELECOMMUNICATIONS_0063.wav
APPTEK_TELECOMMUNICATIONS_0064,telecommunications,telecom,male,en-MX,677.619,11.29,True,data/processed/apptek_selected_domains/audio/APPTEK_TELECOMMUNICATIONS_0064.wav
APPTEK_TELECOMMUNICATIONS_0065,telecommunications,telecom,male,en-MX,605.12,10.09,True,data/processed/apptek_selected_domains/audio/APPTEK_TELECOMMUNICATIONS_0065.wav
APPTEK_TELECOMMUNICATIONS_0066,telecommunications,telecom,male,en-MX,605.119,10.09,True,data/processed/apptek_selected_domains/audio/APPTEK_TELECOMMUNICATIONS_0066.wav
APPTEK_BANKING_0109,banking,banking,female,en-US_Southern,388.131,6.47,True,data/processed/apptek_selected_domains/audio/APPTEK_BANKING_0109.wav
APPTEK_BANKING_0110,banking,banking,female,en-US_Southern,388.13,6.47,True,data/processed/apptek_selected_domains/audio/APPTEK_BANKING_0110.wav
APPTEK_BANKING_0111,banking,banking,female,en-US_Southern,515.985,8.6,True,data/processed/apptek_selected_domains/audio/APPTEK_BANKING_0111.wav
APPTEK_BANKING_0112,banking,banking,male,en-US_Southern,515.984,8.6,True,data/processed/apptek_selected_domains/audio/APPTEK_BANKING_0112.wav
APPTEK_BANKING_0113,banking,banking,female,en-US_Southern,1182.52,19.71,True,data/processed/apptek_selected_domains/audio/APPTEK_BANKING_0113.wav
APPTEK_BANKING_0114,banking,banking,female,en-US_Southern,1182.521,19.71,True,data/processed/apptek_selected_domains/audio/APPTEK_BANKING_0114.wav
APPTEK_BANKING_0115,banking,banking,female,en-US_Southern,573.889,9.56,True,data/processed/apptek_selected_domains/audio/APPTEK_BANKING_0115.wav
APPTEK_BANKING_0116,banking,banking,male,en-US_Southern,573.889,9.56,True,data/processed/apptek_selected_domains/audio/APPTEK_BANKING_0116.wav
APPTEK_HEALTHCARE_0085,healthcare,health,female,en-US_Southern,441.256,7.35,True,data/processed/apptek_selected_domains/audio/APPTEK_HEALTHCARE_0085.wav
APPTEK_HEALTHCARE_0086,healthcare,health,female,en-US_Southern,441.256,7.35,True,data/processed/apptek_selected_domains/audio/APPTEK_HEALTHCARE_0086.wav
APPTEK_HEALTHCARE_0087,healthcare,health,female,en-US_Southern,431.166,7.19,True,data/processed/apptek_selected_domains/audio/APPTEK_HEALTHCARE_0087.wav
APPTEK_HEALTHCARE_0088,healthcare,health,male,en-US_Southern,431.166,7.19,True,data/processed/apptek_selected_domains/audio/APPTEK_HEALTHCARE_0088.wav
APPTEK_HEALTHCARE_0089,healthcare,health,female,en-US_Southern,923.461,15.39,True,data/processed/apptek_selected_domains/audio/APPTEK_HEALTHCARE_0089.wav
APPTEK_HEALTHCARE_0090,healthcare,health,female,en-US_Southern,923.461,15.39,True,data/processed/apptek_selected_domains/audio/APPTEK_HEALTHCARE_0090.wav
APPTEK_HEALTHCARE_0091,healthcare,health,female,en-US_Southern,689.21,11.49,True,data/processed/apptek_selected_domains/audio/APPTEK_HEALTHCARE_0091.wav
APPTEK_HEALTHCARE_0092,healthcare,health,male,en-US_Southern,689.21,11.49,True,data/processed/apptek_selected_domains/audio/APPTEK_HEALTHCARE_0092.wav
APPTEK_TELECOMMUNICATIONS_0067,telecommunications,telecom,female,en-US_Southern,619.339,10.32,True,data/processed/apptek_selected_domains/audio/APPTEK_TELECOMMUNICATIONS_0067.wav
APPTEK_TELECOMMUNICATIONS_0068,telecommunications,telecom,female,en-US_Southern,619.34,10.32,True,data/processed/apptek_selected_domains/audio/APPTEK_TELECOMMUNICATIONS_0068.wav
APPTEK_TELECOMMUNICATIONS_0069,telecommunications,telecom,female,en-US_Southern,578.073,9.63,True,data/processed/apptek_selected_domains/audio/APPTEK_TELECOMMUNICATIONS_0069.wav
APPTEK_TELECOMMUNICATIONS_0070,telecommunications,telecom,male,en-US_Southern,578.072,9.63,True,data/processed/apptek_selected_domains/audio/APPTEK_TELECOMMUNICATIONS_0070.wav
APPTEK_BANKING_0117,banking,banking,female,en-AU,420.0,7.0,True,data/processed/apptek_selected_domains/audio/APPTEK_BANKING_0117.wav
APPTEK_BANKING_0118,banking,banking,female,en-AU,420.0,7.0,True,data/processed/apptek_selected_domains/audio/APPTEK_BANKING_0118.wav
APPTEK_BANKING_0119,banking,banking,male,en-AU,633.177,10.55,True,data/processed/apptek_selected_domains/audio/APPTEK_BANKING_0119.wav
APPTEK_BANKING_0120,banking,banking,female,en-AU,633.177,10.55,True,data/processed/apptek_selected_domains/audio/APPTEK_BANKING_0120.wav
APPTEK_BANKING_0121,banking,banking,female,en-AU,914.521,15.24,True,data/processed/apptek_selected_domains/audio/APPTEK_BANKING_0121.wav
APPTEK_BANKING_0122,banking,banking,female,en-AU,914.521,15.24,True,data/processed/apptek_selected_domains/audio/APPTEK_BANKING_0122.wav
APPTEK_HEALTHCARE_0093,healthcare,health,male,en-AU,809.618,13.49,True,data/processed/apptek_selected_domains/audio/APPTEK_HEALTHCARE_0093.wav
APPTEK_HEALTHCARE_0094,healthcare,health,male,en-AU,809.618,13.49,True,data/processed/apptek_selected_domains/audio/APPTEK_HEALTHCARE_0094.wav
APPTEK_HEALTHCARE_0095,healthcare,health,female,en-AU,422.0,7.03,True,data/processed/apptek_selected_domains/audio/APPTEK_HEALTHCARE_0095.wav
APPTEK_HEALTHCARE_0096,healthcare,health,female,en-AU,422.0,7.03,True,data/processed/apptek_selected_domains/audio/APPTEK_HEALTHCARE_0096.wav
APPTEK_HEALTHCARE_0097,healthcare,health,male,en-AU,628.122,10.47,True,data/processed/apptek_selected_domains/audio/APPTEK_HEALTHCARE_0097.wav
APPTEK_HEALTHCARE_0098,healthcare,health,female,en-AU,628.121,10.47,True,data/processed/apptek_selected_domains/audio/APPTEK_HEALTHCARE_0098.wav
APPTEK_HEALTHCARE_0099,healthcare,health,male,en-AU,491.348,8.19,True,data/processed/apptek_selected_domains/audio/APPTEK_HEALTHCARE_0099.wav
APPTEK_HEALTHCARE_0100,healthcare,health,female,en-AU,491.349,8.19,True,data/processed/apptek_selected_domains/audio/APPTEK_HEALTHCARE_0100.wav
APPTEK_HEALTHCARE_0101,healthcare,health,female,en-AU,914.292,15.24,True,data/processed/apptek_selected_domains/audio/APPTEK_HEALTHCARE_0101.wav
APPTEK_HEALTHCARE_0102,healthcare,health,female,en-AU,914.293,15.24,True,data/processed/apptek_selected_domains/audio/APPTEK_HEALTHCARE_0102.wav
APPTEK_HEALTHCARE_0103,healthcare,health,female,en-AU,562.108,9.37,True,data/processed/apptek_selected_domains/audio/APPTEK_HEALTHCARE_0103.wav
APPTEK_HEALTHCARE_0104,healthcare,health,female,en-AU,562.108,9.37,True,data/processed/apptek_selected_domains/audio/APPTEK_HEALTHCARE_0104.wav
APPTEK_TELECOMMUNICATIONS_0071,telecommunications,telecom,female,en-AU,436.0,7.27,True,data/processed/apptek_selected_domains/audio/APPTEK_TELECOMMUNICATIONS_0071.wav
APPTEK_TELECOMMUNICATIONS_0072,telecommunications,telecom,female,en-AU,436.0,7.27,True,data/processed/apptek_selected_domains/audio/APPTEK_TELECOMMUNICATIONS_0072.wav
APPTEK_TELECOMMUNICATIONS_0073,telecommunications,telecom,male,en-AU,627.202,10.45,True,data/processed/apptek_selected_domains/audio/APPTEK_TELECOMMUNICATIONS_0073.wav
APPTEK_TELECOMMUNICATIONS_0074,telecommunications,telecom,female,en-AU,627.203,10.45,True,data/processed/apptek_selected_domains/audio/APPTEK_TELECOMMUNICATIONS_0074.wav
APPTEK_BANKING_0123,banking,banking,male,en-GB_SCT,800.311,13.34,True,data/processed/apptek_selected_domains/audio/APPTEK_BANKING_0123.wav
APPTEK_BANKING_0124,banking,banking,female,en-GB_SCT,800.311,13.34,True,data/processed/apptek_selected_domains/audio/APPTEK_BANKING_0124.wav
APPTEK_BANKING_0125,banking,banking,female,en-GB_SCT,540.0,9.0,True,data/processed/apptek_selected_domains/audio/APPTEK_BANKING_0125.wav
APPTEK_BANKING_0126,banking,banking,male,en-GB_SCT,540.0,9.0,True,data/processed/apptek_selected_domains/audio/APPTEK_BANKING_0126.wav
APPTEK_BANKING_0127,banking,banking,female,en-GB_SCT,854.652,14.24,True,data/processed/apptek_selected_domains/audio/APPTEK_BANKING_0127.wav
APPTEK_BANKING_0128,banking,banking,female,en-GB_SCT,854.652,14.24,True,data/processed/apptek_selected_domains/audio/APPTEK_BANKING_0128.wav
APPTEK_HEALTHCARE_0105,healthcare,health,male,en-GB_SCT,668.147,11.14,True,data/processed/apptek_selected_domains/audio/APPTEK_HEALTHCARE_0105.wav
APPTEK_HEALTHCARE_0106,healthcare,health,female,en-GB_SCT,668.146,11.14,True,data/processed/apptek_selected_domains/audio/APPTEK_HEALTHCARE_0106.wav
APPTEK_HEALTHCARE_0107,healthcare,health,male,en-GB_SCT,346.532,5.78,True,data/processed/apptek_selected_domains/audio/APPTEK_HEALTHCARE_0107.wav
APPTEK_HEALTHCARE_0108,healthcare,health,male,en-GB_SCT,346.531,5.78,True,data/processed/apptek_selected_domains/audio/APPTEK_HEALTHCARE_0108.wav
APPTEK_HEALTHCARE_0109,healthcare,health,female,en-GB_SCT,626.079,10.43,True,data/processed/apptek_selected_domains/audio/APPTEK_HEALTHCARE_0109.wav
APPTEK_HEALTHCARE_0110,healthcare,health,female,en-GB_SCT,626.078,10.43,True,data/processed/apptek_selected_domains/audio/APPTEK_HEALTHCARE_0110.wav
APPTEK_HEALTHCARE_0111,healthcare,health,female,en-GB_SCT,361.27,6.02,True,data/processed/apptek_selected_domains/audio/APPTEK_HEALTHCARE_0111.wav
APPTEK_HEALTHCARE_0112,healthcare,health,female,en-GB_SCT,361.269,6.02,True,data/processed/apptek_selected_domains/audio/APPTEK_HEALTHCARE_0112.wav
APPTEK_HEALTHCARE_0113,healthcare,health,female,en-GB_SCT,439.734,7.33,True,data/processed/apptek_selected_domains/audio/APPTEK_HEALTHCARE_0113.wav
APPTEK_HEALTHCARE_0114,healthcare,health,female,en-GB_SCT,439.734,7.33,True,data/processed/apptek_selected_domains/audio/APPTEK_HEALTHCARE_0114.wav
APPTEK_TELECOMMUNICATIONS_0075,telecommunications,telecom,female,en-GB_SCT,775.334,12.92,True,data/processed/apptek_selected_domains/audio/APPTEK_TELECOMMUNICATIONS_0075.wav
APPTEK_TELECOMMUNICATIONS_0076,telecommunications,telecom,male,en-GB_SCT,775.333,12.92,True,data/processed/apptek_selected_domains/audio/APPTEK_TELECOMMUNICATIONS_0076.wav
APPTEK_TELECOMMUNICATIONS_0077,telecommunications,telecom,female,en-GB_SCT,387.98,6.47,True,data/processed/apptek_selected_domains/audio/APPTEK_TELECOMMUNICATIONS_0077.wav
APPTEK_TELECOMMUNICATIONS_0078,telecommunications,telecom,male,en-GB_SCT,387.98,6.47,True,data/processed/apptek_selected_domains/audio/APPTEK_TELECOMMUNICATIONS_0078.wav
APPTEK_TELECOMMUNICATIONS_0079,telecommunications,telecom,female,en-GB_SCT,842.325,14.04,True,data/processed/apptek_selected_domains/audio/APPTEK_TELECOMMUNICATIONS_0079.wav
APPTEK_TELECOMMUNICATIONS_0080,telecommunications,telecom,female,en-GB_SCT,842.325,14.04,True,data/processed/apptek_selected_domains/audio/APPTEK_TELECOMMUNICATIONS_0080.wav
